fullName,mobile,email,productInterest,pincode
Aarti Menon,+919876400001,aarti.menon@example.com,TERM_LIFE,400064
Bhavesh Shah,+919876400002,,HEALTH,400067
Chitra Iyer,+919876400003,chitra.iyer@example.com,HEALTH_FLOATER,400058
Dinesh Pawar,+919876400004,,SAVINGS_LIFE,400062
Esha Trivedi,+919876400005,esha.trivedi@example.com,CHILD,400053
Farid Qureshi,+919876400006,,MOTOR,400069
Gauri Naik,+919876400007,gauri.naik@example.com,TERM_LIFE,400064
Harish Rane,+919876400008,,HEALTH,400092
Isha Banerjee,+919876400009,isha.banerjee@example.com,TERM_LIFE,400064
Jatin Mehta,+919876400010,,MOTOR,400058
